{
  "swagger": "2.0",
  "info": {
    "description": "This is an open API for Milcare Foundations Onlus website developed by Sophisticated Kids team",
    "version": "1.0.5",
    "title": "MilCare Foundation Onlus API",
    "termsOfService": "All the material on the website is for educational purpose only, any commercial use is prohibited.",
    "contact": {
      "name": "Sophisticated Kids",
      "url": "https://gitlab.com/alaamjadi/HSK"
    },
    "license": {
      "name": "MIT",
      "url": "http://opensource.org/licenses/MIT"
    }
  },
  "host": "mil-care.herokuapp.com",
  "basePath": "/api",
  "tags": [
    {
      "name": "Service",
      "description": "Services of the association"
    },
    {
      "name": "Event",
      "description": "Events of the association"
    },
    {
      "name": "Person",
      "description": "Members of the association"
    }
  ],
  "schemes": [
    "https",
    "http"
  ],
  "produces": [
    "application/json"
  ],
  "paths": {
    "/Events": {
      "get": {
        "tags": [
          "Event"
        ],
        "summary": "List of all the events of the association",
        "operationId": "eventsGET",
        "parameters": [],
        "responses": {
          "200": {
            "description": "successful operation",
            "schema": {
              "type": "array",
              "items": {
                "$ref": "#/definitions/Event"
              }
            }
          },
          "400": {
            "description": "Unexpected error"
          }
        },
        "x-swagger-router-controller": "Event"
      }
    },
    "/Events/Y/{Year}/M/{Month}": {
      "get": {
        "tags": [
          "Event"
        ],
        "summary": "List of events of a month in a specific year",
        "operationId": "eventsYearMonthGET",
        "parameters": [
          {
            "name": "Year",
            "in": "path",
            "description": "Number of the Year of the events for filtering",
            "required": true,
            "type": "integer",
            "format": "int64"
          },
          {
            "name": "Month",
            "in": "path",
            "description": "Number of the month of the events for filtering",
            "required": true,
            "type": "integer",
            "format": "int64"
          }
        ],
        "responses": {
          "200": {
            "description": "successful operation",
            "schema": {
              "type": "array",
              "items": {
                "$ref": "#/definitions/Event"
              }
            }
          },
          "400": {
            "description": "Unexpected error"
          },
          "404": {
            "description": "Invalid month"
          }
        },
        "x-swagger-router-controller": "Event"
      }
    },
    "/Events/{CodeEvent}": {
      "get": {
        "tags": [
          "Event"
        ],
        "summary": "Find an event with the event code",
        "operationId": "eventsCodeEventGET",
        "parameters": [
          {
            "name": "CodeEvent",
            "in": "path",
            "description": "Code of the event that we want",
            "required": true,
            "type": "integer",
            "format": "int64"
          }
        ],
        "responses": {
          "200": {
            "description": "successful operation",
            "schema": {
              "$ref": "#/definitions/Event"
            }
          },
          "400": {
            "description": "Unexpected error"
          },
          "404": {
            "description": "Invalid id"
          }
        },
        "x-swagger-router-controller": "Event"
      }
    },
    "/Events/{CodeEvent}/Services": {
      "get": {
        "tags": [
          "Event"
        ],
        "summary": "List of all services of an event",
        "operationId": "eventsCodeEventServicesGET",
        "parameters": [
          {
            "name": "CodeEvent",
            "in": "path",
            "description": "Code of an event that we want the related services",
            "required": true,
            "type": "integer",
            "format": "int64"
          }
        ],
        "responses": {
          "200": {
            "description": "successful operation",
            "schema": {
              "type": "array",
              "items": {
                "$ref": "#/definitions/Service"
              }
            }
          },
          "400": {
            "description": "Unexpected error"
          },
          "404": {
            "description": "invalid Code"
          }
        },
        "x-swagger-router-controller": "Event"
      }
    },
    "/Events/{CodeEvent}/Person": {
      "get": {
        "tags": [
          "Event"
        ],
        "summary": "List of all persons of an event",
        "operationId": "eventsCodeEventPersonGET",
        "parameters": [
          {
            "name": "CodeEvent",
            "in": "path",
            "description": "Code of an event that we want the related persons",
            "required": true,
            "type": "integer",
            "format": "int64"
          }
        ],
        "responses": {
          "200": {
            "description": "successful operation",
            "schema": {
              "$ref": "#/definitions/Person"
            }
          },
          "400": {
            "description": "Unexpected error"
          },
          "404": {
            "description": "invalid Code"
          }
        },
        "x-swagger-router-controller": "Event"
      }
    },
    "/Person": {
      "get": {
        "tags": [
          "Person"
        ],
        "summary": "List of all the persons of the association",
        "operationId": "personGET",
        "parameters": [],
        "responses": {
          "200": {
            "description": "successful operation",
            "schema": {
              "type": "array",
              "items": {
                "$ref": "#/definitions/Person"
              }
            }
          },
          "400": {
            "description": "Unexpected error"
          }
        },
        "x-swagger-router-controller": "Person"
      }
    },
    "/Person/{CodePerson}": {
      "get": {
        "tags": [
          "Person"
        ],
        "summary": "Find a person with the person code",
        "operationId": "personCodePersonGET",
        "parameters": [
          {
            "name": "CodePerson",
            "in": "path",
            "description": "Code of a person that we want",
            "required": true,
            "type": "integer",
            "format": "int64"
          }
        ],
        "responses": {
          "200": {
            "description": "successful operation",
            "schema": {
              "$ref": "#/definitions/Person"
            }
          },
          "400": {
            "description": "Unexpected error"
          },
          "404": {
            "description": "invalid CodePerson"
          }
        },
        "x-swagger-router-controller": "Person"
      }
    },
    "/Person/{CodePerson}/Services": {
      "get": {
        "tags": [
          "Person"
        ],
        "summary": "List of all services of a person",
        "operationId": "personCodePersonServicesGET",
        "parameters": [
          {
            "name": "CodePerson",
            "in": "path",
            "description": "Code of a person that we want the related services",
            "required": true,
            "type": "integer",
            "format": "int64"
          }
        ],
        "responses": {
          "200": {
            "description": "successful operation",
            "schema": {
              "type": "array",
              "items": {
                "$ref": "#/definitions/Service"
              }
            }
          },
          "400": {
            "description": "Unexpected error"
          },
          "404": {
            "description": "invalid person code"
          }
        },
        "x-swagger-router-controller": "Person"
      }
    },
    "/Person/{CodePerson}/Events": {
      "get": {
        "tags": [
          "Person"
        ],
        "summary": "List of all events of a person",
        "operationId": "personCodePersonEventsGET",
        "parameters": [
          {
            "name": "CodePerson",
            "in": "path",
            "description": "Code of a person that we want the related events",
            "required": true,
            "type": "integer",
            "format": "int64"
          }
        ],
        "responses": {
          "200": {
            "description": "successful operation",
            "schema": {
              "type": "array",
              "items": {
                "$ref": "#/definitions/Event"
              }
            }
          },
          "400": {
            "description": "Unexpected error"
          },
          "404": {
            "description": "invalid person code"
          }
        },
        "x-swagger-router-controller": "Person"
      }
    },
    "/Services": {
      "get": {
        "tags": [
          "Service"
        ],
        "summary": "List of all the services of the association",
        "operationId": "servicesGET",
        "parameters": [],
        "responses": {
          "200": {
            "description": "successful operation",
            "schema": {
              "type": "array",
              "items": {
                "$ref": "#/definitions/Service"
              }
            }
          },
          "400": {
            "description": "Unexpected error"
          }
        },
        "x-swagger-router-controller": "Service"
      }
    },
    "/Services/{CodeService}": {
      "get": {
        "tags": [
          "Service"
        ],
        "summary": "Find a service with the service code",
        "operationId": "servicesCodeServiceGET",
        "parameters": [
          {
            "name": "CodeService",
            "in": "path",
            "description": "Code of a service that we want",
            "required": true,
            "type": "integer",
            "format": "int64"
          }
        ],
        "responses": {
          "200": {
            "description": "operation was successful",
            "schema": {
              "$ref": "#/definitions/Service"
            }
          },
          "400": {
            "description": "Unexpected error"
          },
          "404": {
            "description": "invalid Name"
          }
        },
        "x-swagger-router-controller": "Service"
      }
    },
    "/Services/{CodeService}/Events": {
      "get": {
        "tags": [
          "Service"
        ],
        "summary": "List of all events of a service",
        "operationId": "servicesCodeServiceEventsGET",
        "parameters": [
          {
            "name": "CodeService",
            "in": "path",
            "description": "Code of a service that we want the related events",
            "required": true,
            "type": "integer",
            "format": "int64"
          }
        ],
        "responses": {
          "200": {
            "description": "successful operation",
            "schema": {
              "type": "array",
              "items": {
                "$ref": "#/definitions/Event"
              }
            }
          },
          "400": {
            "description": "Unexpected error"
          },
          "404": {
            "description": "invalid Name"
          }
        },
        "x-swagger-router-controller": "Service"
      }
    },
    "/Services/{CodeService}/Person": {
      "get": {
        "tags": [
          "Service"
        ],
        "summary": "List of all persons of a service",
        "operationId": "servicesCodeServicePersonGET",
        "parameters": [
          {
            "name": "CodeService",
            "in": "path",
            "description": "Code of a service that we want the related persons",
            "required": true,
            "type": "integer",
            "format": "int64"
          }
        ],
        "responses": {
          "200": {
            "description": "successful operation",
            "schema": {
              "type": "array",
              "items": {
                "$ref": "#/definitions/Person"
              }
            }
          },
          "400": {
            "description": "Unexpected error"
          },
          "404": {
            "description": "invalid Name"
          }
        },
        "x-swagger-router-controller": "Service"
      }
    }
  },
  "definitions": {
    "Event": {
      "type": "object",
      "required": [
        "CodeEvent",
        "Name",
        "Date",
        "Location",
        "Images",
        "ShortDescription",
        "LongDescription"
      ],
      "properties": {
        "CodeEvent": {
          "type": "integer",
          "format": "int64"
        },
        "Name": {
          "type": "string"
        },
        "Date": {
          "type": "string",
          "format": "date-time"
        },
        "Location": {
          "type": "string"
        },
        "Images": {
          "type": "array",
          "items": {
            "$ref": "#/definitions/Image"
          }
        },
        "ShortDescription": {
          "type": "string"
        },
        "LongDescription": {
          "type": "string"
        }
      },
      "title": "Event",
      "xml": {
        "name": "Event"
      },
      "description": "An event presented by the association",
      "example": {
        "CodeEvent": 1,
        "Name": "Presentation of service X",
        "Date": "2020-05-25T17:00:00",
        "Location": "Milan",
        "Images": [
          "Image1",
          "Image2",
          "Image3",
          "Image4"
        ],
        "ShortDescription": "Short description of the event",
        "LongDescription": "Long description of the event"
      }
    },
    "Person": {
      "type": "object",
      "required": [
        "CodePerson",
        "Name",
        "Role",
        "Images",
        "LongDescription"
      ],
      "properties": {
        "CodePerson": {
          "type": "integer",
          "format": "int64"
        },
        "Name": {
          "type": "string"
        },
        "Role": {
          "type": "string"
        },
        "Images": {
          "type": "array",
          "items": {
            "$ref": "#/definitions/Image"
          }
        },
        "LongDescription": {
          "type": "string"
        }
      },
      "title": "Person",
      "xml": {
        "name": "Person"
      },
      "description": "Person X",
      "example": {
        "CodePerson": "FistName-LastName",
        "Name": "FistName LastName",
        "Role": "Volunteer",
        "Images": [
          "Image1"
        ],
        "LongDescription": "Biography"
      }
    },
    "Service": {
      "type": "object",
      "required": [
        "Name",
        "Images",
        "ShortDescription",
        "LongDescription"
      ],
      "properties": {
        "Name": {
          "type": "integer",
          "format": "int64"
        },
        "Images": {
          "type": "array",
          "items": {
            "$ref": "#/definitions/Image"
          }
        },
        "ShortDescription": {
          "type": "string"
        },
        "LongDescription": {
          "type": "string"
        }
      },
      "title": "Service",
      "xml": {
        "name": "Service"
      },
      "description": "A service offered by the association",
      "example": {
        "Name": "Hospice",
        "Images": [
          "Image1",
          "Image2",
          "Image3",
          "Image4",
          "Image4",
          "Image5",
          "Image6"
        ],
        "ShortDescription": "short description of the service",
        "LongDescription": "Long description of the service"
      }
    },
    "Image": {
      "type": "object",
      "required": [
        "Image1"
      ],
      "properties": {
        "Image1": {
          "type": "string"
        }
      },
      "title": "Image",
      "xml": {
        "name": "Image"
      },
      "description": "ImageName.Extention",
      "example": {
        "Image1": "Picture1.jpg"
      }
    }
  }
}